{
    "metric":   {
        "mm" : 0.001,
        "cm" : 0.01,
        "m" : 1,
        "km" : 1000 
    },
    "imperic": {
        "in": 0.0277778,
        "ft": 0.0833333,
        "yd": 1,
        "chain": 22,
        "fur": 220,
        "mile": 1760
    }
}